date,temperature_2m,relative_humidity_2m,apparent_temperature,weather_code,wind_speed_10m
2023-08-01 00:00:00+00:00,14.856501,85.83508,13.000732,18.11841,249.04414
2023-08-01 01:00:00+00:00,14.4065,89.23684,12.512871,18.720001,247.3801
2023-08-01 02:00:00+00:00,14.2565,90.99604,12.469727,18.331741,250.49745
2023-08-01 03:00:00+00:00,13.9065,92.173416,11.854038,19.809813,250.9064
2023-08-01 04:00:00+00:00,13.7565,92.46733,11.803644,18.899143,252.25523
2023-08-01 05:00:00+00:00,13.8065,91.865814,11.779196,19.296133,255.96373
2023-08-01 06:00:00+00:00,15.0065,81.9917,12.24757,23.084955,266.42374
2023-08-01 07:00:00+00:00,16.0065,76.14576,13.356701,22.007162,266.24835
2023-08-01 08:00:00+00:00,17.1065,69.38098,13.929924,24.863468,272.4895
2023-08-01 09:00:00+00:00,18.3065,61.410686,15.014994,24.187069,274.2678
2023-08-01 10:00:00+00:00,19.0065,57.42574,15.777035,23.051247,271.78986
2023-08-01 11:00:00+00:00,19.8565,54.107304,16.647955,22.7057,272.72626
2023-08-01 12:00:00+00:00,20.0565,53.61985,17.17932,20.633371,276.0089
2023-08-01 13:00:00+00:00,20.956501,50.55579,17.926289,21.611998,268.09088
2023-08-01 14:00:00+00:00,21.1565,50.609108,18.526659,19.134262,265.68405
2023-08-01 15:00:00+00:00,21.8565,47.684734,18.914232,20.774214,261.02747
2023-08-01 16:00:00+00:00,21.6065,49.232895,19.067316,18.511143,256.50424
2023-08-01 17:00:00+00:00,20.8565,57.1236,18.840845,18.193361,242.928
2023-08-01 18:00:00+00:00,19.706501,65.69983,18.508005,14.982228,234.78232
2023-08-01 19:00:00+00:00,18.5065,74.34522,17.990677,12.10157,210.37904
2023-08-01 20:00:00+00:00,17.706501,79.197105,16.794067,15.315873,203.55228
2023-08-01 21:00:00+00:00,17.0565,81.982994,15.735323,17.873556,207.5972
2023-08-01 22:00:00+00:00,16.6065,82.193146,15.039831,18.58451,211.53474
2023-08-01 23:00:00+00:00,15.8065,86.774506,14.54777,16.595179,192.5288
2023-08-02 00:00:00+00:00,14.7065,91.02607,14.157309,10.8955765,172.40544
2023-08-02 01:00:00+00:00,15.856501,87.62911,14.92659,14.8257065,150.9455
2023-08-02 02:00:00+00:00,16.2565,89.381935,15.338625,16.485485,148.39255
2023-08-02 03:00:00+00:00,16.1565,92.89961,15.128067,18.532133,155.9245
2023-08-02 04:00:00+00:00,16.5065,94.72165,16.122854,15.84,180.0
2023-08-02 05:00:00+00:00,17.6565,92.683136,16.248863,25.076267,230.82635
2023-08-02 06:00:00+00:00,17.7565,90.64652,16.138842,25.812277,230.09216
2023-08-02 07:00:00+00:00,17.3565,86.92135,14.582998,30.888754,233.53067
2023-08-02 08:00:00+00:00,17.8565,77.441536,15.042868,27.859905,237.13132
2023-08-02 09:00:00+00:00,18.5065,72.43693,15.561287,27.792374,233.42688
2023-08-02 10:00:00+00:00,19.4065,71.43344,16.940216,26.089443,230.59937
2023-08-02 11:00:00+00:00,19.1565,62.839344,15.03083,32.33794,226.35312
2023-08-02 12:00:00+00:00,17.456501,76.627754,14.837667,25.199997,216.86998
2023-08-02 13:00:00+00:00,16.8565,82.224335,15.219511,19.67195,214.56259
2023-08-02 14:00:00+00:00,17.5065,82.039566,16.048819,19.930477,200.07161
2023-08-02 15:00:00+00:00,17.8565,81.819214,16.95641,16.870138,219.80553
2023-08-02 16:00:00+00:00,19.1565,76.15517,18.819336,13.392774,233.74606
2023-08-02 17:00:00+00:00,17.4065,83.36288,16.644234,15.542662,283.39252
2023-08-02 18:00:00+00:00,17.3565,86.92135,17.1444,13.324863,308.4181
2023-08-02 19:00:00+00:00,17.8565,82.88034,17.204771,15.683776,279.24603
2023-08-02 20:00:00+00:00,16.8565,82.49166,15.269215,19.45333,272.12103
2023-08-02 21:00:00+00:00,16.3065,84.323395,14.590237,19.852295,274.15958
2023-08-02 22:00:00+00:00,15.856501,86.21674,14.108997,19.826164,299.35767
2023-08-02 23:00:00+00:00,15.9065,82.644066,14.42605,16.575644,304.3804
2023-08-03 00:00:00+00:00,15.4065,89.60635,15.46999,7.771331,283.39252
2023-08-03 01:00:00+00:00,14.9565,90.45185,14.09433,13.397612,300.69965
2023-08-03 02:00:00+00:00,14.606501,91.31683,13.84096,12.261157,319.7637
2023-08-03 03:00:00+00:00,14.6565,91.32008,13.840103,12.7279215,315.0001
2023-08-03 04:00:00+00:00,14.356501,90.11397,13.221655,13.746156,315.0001
2023-08-03 05:00:00+00:00,13.7565,90.36661,12.217579,15.273505,315.0001
2023-08-03 06:00:00+00:00,14.2065,87.47973,12.418444,16.870138,320.1945
2023-08-03 07:00:00+00:00,15.1565,80.93771,13.070614,18.359999,331.9276
2023-08-03 08:00:00+00:00,16.2565,73.958565,13.993811,18.919704,338.80588
2023-08-03 09:00:00+00:00,17.456501,66.08837,15.223246,17.551615,334.48618
2023-08-03 10:00:00+00:00,18.3565,60.007782,16.126509,16.299694,329.47037
2023-08-03 11:00:00+00:00,19.6065,54.76989,17.482704,16.279802,324.9041
2023-08-03 12:00:00+00:00,19.5565,54.392464,17.536919,16.58346,332.87878
2023-08-03 13:00:00+00:00,20.0065,52.89557,17.983126,14.182355,336.0375
2023-08-03 14:00:00+00:00,20.5565,49.610783,18.562641,13.1041975,339.07544
2023-08-03 15:00:00+00:00,21.0065,46.81822,18.989054,12.413477,330.4613
2023-08-03 16:00:00+00:00,20.206501,50.35526,18.111332,13.608762,322.52374
2023-08-03 17:00:00+00:00,18.956501,58.963577,17.521082,11.457958,313.72705
2023-08-03 18:00:00+00:00,19.1065,59.392853,17.932173,10.182337,315.0001
2023-08-03 19:00:00+00:00,16.206501,80.02324,15.468777,11.019764,321.63248
2023-08-03 20:00:00+00:00,15.3065,83.66121,15.144232,6.6185193,292.3802
2023-08-03 21:00:00+00:00,15.3065,83.66121,14.70071,9.659814,296.56497
2023-08-03 22:00:00+00:00,14.9565,84.17187,14.133213,10.587918,305.31128
2023-08-03 23:00:00+00:00,14.5065,86.36525,13.650141,10.703569,312.27362
2023-08-04 00:00:00+00:00,14.6565,88.09604,14.257183,8.587338,303.02386
2023-08-04 01:00:00+00:00,13.9565,90.67798,13.385117,9.19939,300.57913
2023-08-04 02:00:00+00:00,13.606501,90.95237,12.904724,9.422101,313.4519
2023-08-04 03:00:00+00:00,13.3065,91.23232,12.524414,9.422101,316.5481
2023-08-04 04:00:00+00:00,12.8065,92.719025,11.933296,9.504272,307.30402
2023-08-04 05:00:00+00:00,12.8065,93.95067,11.868271,10.383987,303.6901
2023-08-04 06:00:00+00:00,14.3065,88.936806,13.012901,14.264361,317.0454
2023-08-04 07:00:00+00:00,15.7065,82.890396,14.131964,16.87398,326.3099
2023-08-04 08:00:00+00:00,16.7565,76.76799,15.407326,14.982228,324.78232
2023-08-04 09:00:00+00:00,17.6065,72.5112,16.482088,13.324863,321.5819
2023-08-04 10:00:00+00:00,18.6565,69.00448,17.775078,12.229406,312.614
2023-08-04 11:00:00+00:00,19.4065,66.28301,18.405891,13.276144,310.60123
2023-08-04 12:00:00+00:00,18.6065,66.769295,17.798136,10.829959,285.4222
2023-08-04 13:00:00+00:00,18.5065,68.30011,17.415445,12.979984,289.44012
2023-08-04 14:00:00+00:00,18.9065,65.96081,17.38419,15.596767,288.85324
2023-08-04 15:00:00+00:00,19.1065,63.035454,17.50371,15.03835,281.0409
2023-08-04 16:00:00+00:00,19.206501,61.82298,17.525208,15.141414,288.00424
2023-08-04 17:00:00+00:00,18.5565,64.59656,17.001352,14.386494,301.7014
2023-08-04 18:00:00+00:00,18.1065,63.018375,16.3341,14.182355,293.9625
2023-08-04 19:00:00+00:00,17.456501,66.52813,16.112925,11.659777,278.88058
2023-08-04 20:00:00+00:00,16.9065,68.88355,15.897474,9.3669195,272.20255
2023-08-04 21:00:00+00:00,16.5065,71.5976,15.8632965,7.2805495,261.46933
2023-08-04 22:00:00+00:00,16.1065,74.177315,15.607939,6.6087217,240.64233
2023-08-04 23:00:00+00:00,15.606501,76.58585,15.143024,6.3690495,227.29063
2023-08-05 00:00:00+00:00,15.5565,74.82325,14.842064,7.24486,243.43501
2023-08-05 01:00:00+00:00,14.8065,80.09256,14.015324,8.404285,223.26433
2023-08-05 02:00:00+00:00,14.2565,83.26284,13.860041,5.8048253,209.7448
2023-08-05 03:00:00+00:00,14.3065,81.361595,13.58181,7.42159,202.8337
2023-08-05 04:00:00+00:00,14.0565,80.7901,12.639872,11.440979,204.14554
2023-08-05 05:00:00+00:00,13.7065,80.74279,12.116669,11.91812,205.01686
2023-08-05 06:00:00+00:00,13.606501,84.01821,12.400137,10.30883,204.77512
2023-08-05 07:00:00+00:00,13.7065,86.85826,12.818819,9.3876505,175.60138
2023-08-05 08:00:00+00:00,14.356501,84.10384,12.152821,18.733839,177.79745
2023-08-05 09:00:00+00:00,14.4065,84.66611,12.748781,15.315873,150.42226
2023-08-05 10:00:00+00:00,14.7565,85.54357,12.343245,21.603,156.42528
2023-08-05 11:00:00+00:00,14.5565,87.51163,11.988813,23.000591,140.07967
2023-08-05 12:00:00+00:00,15.6565,83.97586,13.845289,18.844202,173.41815
2023-08-05 13:00:00+00:00,17.3065,81.7494,17.282938,9.47012,188.74608
2023-08-05 14:00:00+00:00,18.456501,77.783844,19.490242,3.096837,215.53777
2023-08-05 15:00:00+00:00,18.0065,80.79,18.667805,6.0347,342.64587
2023-08-05 16:00:00+00:00,18.456501,78.540535,18.693584,8.942214,319.89914
2023-08-05 17:00:00+00:00,16.706501,81.67275,14.574356,22.461807,338.36905
2023-08-05 18:00:00+00:00,15.9065,83.45787,12.841352,27.792374,343.44284
2023-08-05 19:00:00+00:00,14.7065,84.97802,11.036963,29.882166,338.07034
2023-08-05 20:00:00+00:00,13.9565,83.227036,10.270325,27.729347,330.43973
2023-08-05 21:00:00+00:00,13.6565,81.27602,10.207584,24.766848,327.46497
2023-08-05 22:00:00+00:00,13.5565,82.07924,10.542,21.889065,323.6954
2023-08-05 23:00:00+00:00,13.2565,83.69889,10.11339,22.771244,320.77435
2023-08-06 00:00:00+00:00,12.9065,85.91947,9.531323,24.464113,327.01147
2023-08-06 01:00:00+00:00,12.2065,81.35671,8.635422,22.89611,323.31018
2023-08-06 02:00:00+00:00,11.2565,82.61934,7.9423304,19.862083,313.53125
2023-08-06 03:00:00+00:00,10.8065,83.126144,7.5684576,18.723461,307.97165
2023-08-06 04:00:00+00:00,10.5065,86.25376,7.431717,18.043148,298.61035
2023-08-06 05:00:00+00:00,10.5065,88.921265,7.574169,17.873556,297.5972
2023-08-06 06:00:00+00:00,11.6565,85.790665,8.745545,18.837322,296.0753
2023-08-06 07:00:00+00:00,13.2565,79.8757,10.027728,21.9718,304.9921
2023-08-06 08:00:00+00:00,14.6565,71.73018,11.03305,24.195107,313.19128
2023-08-06 09:00:00+00:00,15.9065,64.01063,12.258553,23.419376,315.0001
2023-08-06 10:00:00+00:00,16.8065,58.836384,13.348331,21.382906,315.0001
2023-08-06 11:00:00+00:00,17.206501,59.532116,14.07692,21.533897,308.21106
2023-08-06 12:00:00+00:00,17.5065,59.20537,14.714067,19.469976,303.6901
2023-08-06 13:00:00+00:00,17.9065,63.815647,15.757822,18.998316,297.0505
2023-08-06 14:00:00+00:00,17.706501,64.409996,15.673098,16.299694,300.52963
2023-08-06 15:00:00+00:00,18.5565,59.260662,16.03629,18.289274,306.1933
2023-08-06 16:00:00+00:00,18.456501,55.96031,15.48704,19.513195,307.5042
2023-08-06 17:00:00+00:00,18.5065,54.48754,15.57037,18.626305,311.08167
2023-08-06 18:00:00+00:00,17.706501,59.85261,15.608599,14.113652,322.25314
2023-08-06 19:00:00+00:00,16.456501,67.43245,15.307819,8.78872,325.0079
2023-08-06 20:00:00+00:00,14.7065,74.42983,13.739702,7.145796,319.0857
2023-08-06 21:00:00+00:00,13.6565,80.19921,12.751095,6.9247384,297.8972
2023-08-06 22:00:00+00:00,12.856501,83.372986,11.604494,8.905908,284.03625
2023-08-06 23:00:00+00:00,12.2565,86.42897,10.860836,9.793058,287.1028
2023-08-07 00:00:00+00:00,12.106501,86.41408,10.535298,10.703569,289.6539
2023-08-07 01:00:00+00:00,11.5565,88.7098,10.041397,10.028439,291.03757
2023-08-07 02:00:00+00:00,11.2065,90.181694,9.747777,9.449572,287.74475
2023-08-07 03:00:00+00:00,10.9065,91.6865,9.5131035,8.905908,284.03625
2023-08-07 04:00:00+00:00,10.5565,93.53162,9.235907,8.311245,274.96964
2023-08-07 05:00:00+00:00,10.4565,94.47346,9.045192,9.028754,265.42615
2023-08-07 06:00:00+00:00,11.7565,92.04589,10.275267,11.27553,253.30067
2023-08-07 07:00:00+00:00,13.4565,85.40729,12.031536,12.015589,261.38443
2023-08-07 08:00:00+00:00,15.106501,80.13413,13.846592,12.261158,266.6336
2023-08-07 09:00:00+00:00,16.7565,70.70304,14.947639,15.379206,286.31393
2023-08-07 10:00:00+00:00,17.8565,62.961826,15.926268,16.327497,284.03625
2023-08-07 11:00:00+00:00,18.8565,56.816425,16.859081,18.25026,284.85864
2023-08-07 12:00:00+00:00,19.3565,53.438175,17.631378,16.215992,272.54474
2023-08-07 13:00:00+00:00,20.1065,48.49866,17.7821,18.014393,267.70944
2023-08-07 14:00:00+00:00,19.9065,48.77251,17.014881,17.673029,266.49652
2023-08-07 15:00:00+00:00,20.2565,48.70337,17.475864,17.462784,261.70294
2023-08-07 16:00:00+00:00,20.0565,49.810005,17.183807,18.374111,267.7543
2023-08-07 17:00:00+00:00,19.706501,52.817135,17.282728,16.343367,277.59454
2023-08-07 18:00:00+00:00,18.9065,60.138496,17.249302,13.493999,279.21094
2023-08-07 19:00:00+00:00,17.3065,62.62739,14.961435,16.394829,261.15826
2023-08-07 20:00:00+00:00,15.5065,65.228836,12.980339,15.542662,256.60748
2023-08-07 21:00:00+00:00,14.2565,69.513306,11.772181,14.799459,251.56496
2023-08-07 22:00:00+00:00,13.5065,72.488655,10.860873,15.725037,254.05453
2023-08-07 23:00:00+00:00,13.0065,76.941025,10.577205,14.973576,260.31128
2023-08-08 00:00:00+00:00,12.5065,78.70102,10.539774,11.525623,255.52966
2023-08-08 01:00:00+00:00,11.856501,84.38177,10.124182,10.661107,258.31067
2023-08-08 02:00:00+00:00,11.356501,89.29024,9.912856,9.346143,254.3577
2023-08-08 03:00:00+00:00,10.9565,92.61636,9.621331,8.891344,248.6293
2023-08-08 04:00:00+00:00,10.9565,93.55132,9.546895,9.693296,248.19853
2023-08-08 05:00:00+00:00,11.106501,93.871864,9.568462,10.966713,246.80138
2023-08-08 06:00:00+00:00,12.2065,90.25482,10.838013,10.805998,240.01845
2023-08-08 07:00:00+00:00,13.606501,85.140495,12.156231,12.397806,244.17906
2023-08-08 08:00:00+00:00,14.356501,83.550316,12.927992,13.202726,244.1337
2023-08-08 09:00:00+00:00,15.0065,81.9917,13.770636,12.641076,250.0168
2023-08-08 10:00:00+00:00,15.4065,81.23769,14.284313,12.413477,240.4613
2023-08-08 11:00:00+00:00,16.1065,77.1716,14.556423,15.124284,231.76613
2023-08-08 12:00:00+00:00,16.5065,81.91351,15.923447,11.480557,228.81418
2023-08-08 13:00:00+00:00,16.706501,83.28057,15.036913,20.018072,217.6943
2023-08-08 14:00:00+00:00,17.0065,81.976685,14.89394,23.1774,226.88817
2023-08-08 15:00:00+00:00,17.0565,85.50392,15.512966,21.028437,231.95291
2023-08-08 16:00:00+00:00,17.1065,86.339966,15.879263,19.373219,228.01286
2023-08-08 17:00:00+00:00,17.206501,88.03173,16.29128,18.278645,237.87503
2023-08-08 18:00:00+00:00,17.456501,88.90364,17.031343,15.986593,234.16226
2023-08-08 19:00:00+00:00,17.1565,90.89577,16.87509,15.137133,244.65387
2023-08-08 20:00:00+00:00,16.8565,92.63959,17.114239,11.440978,257.27563
2023-08-08 21:00:00+00:00,16.5065,94.418945,16.934704,10.1376915,276.11542
2023-08-08 22:00:00+00:00,16.2565,95.015854,16.980778,7.7043357,307.40543
2023-08-08 23:00:00+00:00,15.7565,94.69179,16.61765,5.315336,298.30066
2023-08-09 00:00:00+00:00,14.606501,96.81895,15.049612,6.151683,290.55612
2023-08-09 01:00:00+00:00,13.356501,97.10535,13.257616,6.9899354,281.88864
2023-08-09 02:00:00+00:00,12.5565,96.45047,12.215368,6.6185193,292.3802
2023-08-09 03:00:00+00:00,11.8065,95.475945,11.280159,5.95906,295.01685
2023-08-09 04:00:00+00:00,11.8065,92.97262,11.198672,5.692099,304.69522
2023-08-09 05:00:00+00:00,10.7565,93.855446,9.856925,5.904439,307.56866
2023-08-09 06:00:00+00:00,12.106501,89.34984,11.425253,5.5887027,284.93146
2023-08-09 07:00:00+00:00,13.5565,85.417854,13.284254,4.32,270.0
2023-08-09 08:00:00+00:00,15.4065,79.912,15.381845,4.3349743,265.23645
2023-08-09 09:00:00+00:00,17.456501,69.221176,17.153254,5.8048253,277.1249
2023-08-09 10:00:00+00:00,18.8565,61.334873,18.856863,6.379216,286.38962
2023-08-09 11:00:00+00:00,19.956501,57.85088,20.51361,6.725354,285.52417
2023-08-09 12:00:00+00:00,20.6565,58.78984,21.71837,7.628263,250.70985
2023-08-09 13:00:00+00:00,22.0565,53.251778,22.800955,9.028754,265.42615
2023-08-09 14:00:00+00:00,22.7565,52.04939,22.144817,10.365251,290.3232
2023-08-09 15:00:00+00:00,23.1565,50.80406,22.373173,10.514218,308.0471
2023-08-09 16:00:00+00:00,24.0565,48.91819,23.679928,8.287822,304.3804
2023-08-09 17:00:00+00:00,23.8565,50.16213,23.692638,7.289445,302.90524
2023-08-09 18:00:00+00:00,22.9065,59.13573,23.190939,8.217153,298.8107
2023-08-09 19:00:00+00:00,21.1065,69.03941,21.812769,7.145796,319.0857
2023-08-09 20:00:00+00:00,18.6065,80.35173,19.128393,8.287822,214.3804
2023-08-09 21:00:00+00:00,17.0065,87.731705,17.044018,11.090103,215.75398
2023-08-09 22:00:00+00:00,16.206501,90.53945,16.518465,8.435069,219.80553
2023-08-09 23:00:00+00:00,15.356501,92.55697,15.785847,6.3690495,222.70937
2023-08-10 00:00:00+00:00,14.7565,94.03923,15.172272,5.6002855,224.9999
2023-08-10 01:00:00+00:00,14.0065,95.863304,14.20722,5.991594,212.73521
2023-08-10 02:00:00+00:00,13.7065,95.54123,13.743956,6.28713,203.6294
2023-08-10 03:00:00+00:00,14.0565,95.24224,14.481478,4.3349743,175.23645
2023-08-10 04:00:00+00:00,12.606501,98.3732,12.482983,5.904439,142.43134
2023-08-10 05:00:00+00:00,12.606501,97.088585,12.292532,6.763786,154.7989
2023-08-10 06:00:00+00:00,15.0065,88.12641,15.031122,6.489992,146.3099
2023-08-10 07:00:00+00:00,17.5065,79.94264,18.211092,4.1046314,127.875046
2023-08-10 08:00:00+00:00,19.6065,72.86911,20.193697,6.4096174,141.84273
2023-08-10 09:00:00+00:00,21.4065,66.91511,21.715073,9.346143,164.3577
2023-08-10 10:00:00+00:00,23.1065,65.57325,23.645561,14.241629,196.14441
2023-08-10 11:00:00+00:00,24.0065,63.711224,24.857649,15.463246,204.77512
2023-08-10 12:00:00+00:00,24.0065,60.934364,23.643867,16.62249,197.6502
2023-08-10 13:00:00+00:00,24.6565,60.12003,25.514923,11.901798,183.46815
2023-08-10 14:00:00+00:00,25.6065,55.91499,26.567215,13.084402,187.90707
2023-08-10 15:00:00+00:00,25.456501,57.320892,25.557547,15.815435,191.82146
2023-08-10 16:00:00+00:00,24.6565,59.92901,24.704767,14.77755,182.79265
2023-08-10 17:00:00+00:00,24.1065,60.184017,23.965004,14.830076,185.5721
2023-08-10 18:00:00+00:00,22.956501,62.874283,22.83276,13.627795,192.20045
2023-08-10 19:00:00+00:00,21.2565,69.29064,21.660875,9.746631,184.23631
2023-08-10 20:00:00+00:00,19.6565,75.26208,19.96026,9.779817,186.3401
2023-08-10 21:00:00+00:00,18.8065,79.098656,18.869215,11.304229,189.16228
2023-08-10 22:00:00+00:00,18.1565,82.38525,18.045628,12.496719,191.6336
2023-08-10 23:00:00+00:00,17.456501,87.7715,17.381971,13.0447235,207.97939
2023-08-11 00:00:00+00:00,17.206501,89.16898,17.152472,12.904882,210.1413
2023-08-11 01:00:00+00:00,17.5065,90.052246,17.764395,11.983188,212.73521
2023-08-11 02:00:00+00:00,17.456501,92.08349,17.776426,12.387348,215.53777
2023-08-11 03:00:00+00:00,18.6065,87.03804,18.472195,16.199999,216.86998
2023-08-11 04:00:00+00:00,18.7565,88.16483,18.829287,15.778516,214.77791
2023-08-11 05:00:00+00:00,18.956501,89.58859,19.17566,16.08761,220.46214
2023-08-11 06:00:00+00:00,19.206501,89.32497,19.185444,18.328207,224.9999
2023-08-11 07:00:00+00:00,19.6565,84.6904,19.26535,19.681828,230.19447
2023-08-11 08:00:00+00:00,20.0565,81.575775,19.45073,20.570463,237.14427
2023-08-11 09:00:00+00:00,21.206501,74.79867,20.466518,20.767975,236.3099
2023-08-11 10:00:00+00:00,23.1065,65.57325,22.535854,20.240198,231.49931
2023-08-11 11:00:00+00:00,23.4065,65.01345,22.798946,19.734436,231.66663
2023-08-11 12:00:00+00:00,24.0065,59.39585,22.685108,22.104116,232.94339
2023-08-11 13:00:00+00:00,22.8065,67.415726,21.778143,22.45315,221.09941
2023-08-11 14:00:00+00:00,22.7565,69.80144,21.924269,22.545315,218.51695
2023-08-11 15:00:00+00:00,22.8565,69.160095,22.224182,21.028437,218.04709
2023-08-11 16:00:00+00:00,22.8565,68.722885,22.232222,20.68356,211.47679
2023-08-11 17:00:00+00:00,22.1565,68.585205,21.225246,20.808498,210.11365
2023-08-11 18:00:00+00:00,21.1065,72.43651,20.339426,19.272614,212.79953
2023-08-11 19:00:00+00:00,19.4065,79.947174,19.033937,16.299694,210.52963
2023-08-11 20:00:00+00:00,18.1565,82.38525,17.785858,14.277983,213.6901
2023-08-11 21:00:00+00:00,17.2565,84.15673,16.923433,12.599998,216.86998
2023-08-11 22:00:00+00:00,16.6065,87.69616,16.319248,12.287555,211.82741
2023-08-11 23:00:00+00:00,16.0065,91.40657,15.826372,11.681987,213.6901
2023-08-12 00:00:00+00:00,15.6565,85.079994,14.970972,11.592894,216.15828
2023-08-12 01:00:00+00:00,15.356501,85.605835,14.5483055,11.966954,223.7812
2023-08-12 02:00:00+00:00,14.8065,88.68709,14.1085205,11.212135,222.39738
2023-08-12 03:00:00+00:00,13.9565,93.69647,13.000164,12.984975,223.87679
2023-08-12 04:00:00+00:00,13.856501,95.54632,13.004391,12.738099,222.70937
2023-08-12 05:00:00+00:00,14.106501,95.24406,13.316669,12.783802,212.34741
2023-08-12 06:00:00+00:00,15.356501,89.31171,13.940714,17.673029,213.36638
2023-08-12 07:00:00+00:00,17.3065,80.17478,15.246822,22.691423,221.78442
2023-08-12 08:00:00+00:00,18.6065,72.45493,16.146616,24.703974,223.22856
2023-08-12 09:00:00+00:00,19.6565,67.20603,16.992363,25.741888,222.16582
2023-08-12 10:00:00+00:00,20.7565,60.772476,17.442366,29.01966,224.9999
2023-08-12 11:00:00+00:00,20.956501,60.225986,17.391808,30.85307,228.31104
2023-08-12 12:00:00+00:00,19.8065,67.455925,16.72686,29.810522,222.5529
2023-08-12 13:00:00+00:00,20.4065,64.36676,17.017687,30.827856,222.63371
2023-08-12 14:00:00+00:00,20.956501,62.833164,17.737928,32.647057,228.57643
2023-08-12 15:00:00+00:00,20.2565,66.030846,17.182007,29.275326,225.49815
2023-08-12 16:00:00+00:00,20.2565,65.60299,17.035515,30.037897,224.9999
2023-08-12 17:00:00+00:00,19.8065,68.33834,16.902855,28.348713,229.63554
2023-08-12 18:00:00+00:00,19.4065,70.74227,17.12626,24.442913,223.8066
2023-08-12 19:00:00+00:00,18.4065,74.3282,16.405844,22.039528,218.36752
2023-08-12 20:00:00+00:00,17.4065,78.64155,15.458681,21.437386,220.91429
2023-08-12 21:00:00+00:00,16.8065,82.48554,15.029322,20.633371,222.87889
2023-08-12 22:00:00+00:00,16.0065,86.793594,14.4521675,19.107151,222.70937
2023-08-12 23:00:00+00:00,15.4565,89.61016,14.176853,17.10284,220.73201
2023-08-13 00:00:00+00:00,15.5065,90.49056,14.324345,16.92383,218.08882
2023-08-13 01:00:00+00:00,15.4565,89.61016,14.244062,16.641972,218.85338
2023-08-13 02:00:00+00:00,15.1565,91.35224,13.910873,16.870138,219.80553
2023-08-13 03:00:00+00:00,15.2065,91.35546,14.058348,16.323528,221.42357
2023-08-13 04:00:00+00:00,15.3065,91.06591,14.358543,15.072783,220.15593
2023-08-13 05:00:00+00:00,15.3065,91.36186,14.432301,14.689588,216.02747
2023-08-13 06:00:00+00:00,16.1565,85.68827,14.681492,18.440998,218.65984
2023-08-13 07:00:00+00:00,16.8565,82.224335,15.316257,19.008545,217.30403
2023-08-13 08:00:00+00:00,17.7565,78.18389,15.940453,21.142147,227.07004
2023-08-13 09:00:00+00:00,18.8565,72.972046,16.761559,23.051247,231.34016
2023-08-13 10:00:00+00:00,19.3565,69.593666,17.098673,23.557316,231.20343
2023-08-13 11:00:00+00:00,20.4065,62.709496,17.827318,25.582806,230.71062
2023-08-13 12:00:00+00:00,21.1565,57.197506,18.60865,24.696102,233.29706
2023-08-13 13:00:00+00:00,21.7565,55.49742,18.897408,25.772078,228.96475
2023-08-13 14:00:00+00:00,21.8565,53.905415,18.960707,25.772078,228.96475
2023-08-13 15:00:00+00:00,21.6565,53.854137,18.547777,25.35637,231.34016
2023-08-13 16:00:00+00:00,20.706501,58.225124,17.828772,24.43761,224.9999
2023-08-13 17:00:00+00:00,20.3565,58.717537,17.451336,24.184391,224.39697
2023-08-13 18:00:00+00:00,19.3065,65.18611,17.099121,20.746122,218.65982
2023-08-13 19:00:00+00:00,18.0565,69.79617,16.259445,17.595861,210.76265
2023-08-13 20:00:00+00:00,17.0065,74.576294,15.3336525,16.746773,205.4633
2023-08-13 21:00:00+00:00,16.706501,77.77215,15.220633,16.263872,207.69939
2023-08-13 22:00:00+00:00,16.1065,83.75376,15.064112,14.512064,203.38524
2023-08-13 23:00:00+00:00,15.9065,86.78405,15.0442505,14.118243,199.35909
2023-08-14 00:00:00+00:00,15.5565,87.31748,14.74934,13.138765,189.46225
2023-08-14 01:00:00+00:00,16.0065,84.56491,14.974363,14.561099,188.53069
2023-08-14 02:00:00+00:00,16.206501,82.95068,15.042532,15.226764,186.78888
2023-08-14 03:00:00+00:00,16.0565,83.20364,15.028465,14.05845,182.93561
2023-08-14 04:00:00+00:00,16.1565,84.306656,15.333824,13.363711,175.36462
2023-08-14 05:00:00+00:00,16.206501,89.08974,16.420134,8.473393,167.73524
2023-08-14 06:00:00+00:00,16.706501,89.41679,16.468527,12.979984,183.17976
2023-08-14 07:00:00+00:00,17.4065,88.615295,17.215195,14.113653,185.85593
2023-08-14 08:00:00+00:00,17.9065,85.86619,17.744642,13.910169,190.43742
2023-08-14 09:00:00+00:00,19.6565,75.99055,18.128542,22.73707,203.31773
2023-08-14 10:00:00+00:00,20.3565,73.00167,18.46817,25.338476,202.55728
2023-08-14 11:00:00+00:00,20.9065,70.79592,18.9638,25.842384,198.68744
2023-08-14 12:00:00+00:00,21.6565,68.48632,19.954638,24.72495,196.06006
2023-08-14 13:00:00+00:00,21.6065,68.696014,19.542215,27.210379,197.71588
2023-08-14 14:00:00+00:00,20.5065,74.20627,18.70179,25.842384,198.68744
2023-08-14 15:00:00+00:00,20.456501,75.392975,18.342314,28.512817,204.62355
2023-08-14 16:00:00+00:00,20.0065,77.02552,17.418756,31.487139,210.96368
2023-08-14 17:00:00+00:00,19.7565,79.486725,17.929863,26.959166,214.11452
2023-08-14 18:00:00+00:00,19.206501,79.91966,17.939438,21.889065,216.30458
2023-08-14 19:00:00+00:00,18.206501,83.72426,17.573193,16.87398,213.6901
2023-08-14 20:00:00+00:00,17.3565,86.08712,16.679401,16.1198,209.42737
2023-08-14 21:00:00+00:00,16.5065,89.40132,16.04721,13.979872,214.50858
2023-08-14 22:00:00+00:00,15.7065,93.47698,15.539469,11.720751,222.5104
2023-08-14 23:00:00+00:00,15.1565,95.28179,15.220123,9.504272,232.69597
2023-08-15 00:00:00+00:00,15.9565,92.59019,16.1491,9.511088,240.5242
2023-08-15 01:00:00+00:00,15.7065,86.20186,15.149412,11.304229,260.83774
2023-08-15 02:00:00+00:00,15.3065,82.29968,14.496576,10.495713,264.09396
2023-08-15 03:00:00+00:00,14.4065,86.07178,13.814554,8.557102,255.37909
2023-08-15 04:00:00+00:00,12.9565,93.34062,12.236017,9.0,253.73972
2023-08-15 05:00:00+00:00,12.4565,95.183846,11.64663,9.178235,244.44008
2023-08-15 06:00:00+00:00,13.4065,93.67023,12.440613,11.792404,238.73633
2023-08-15 07:00:00+00:00,15.106501,87.275986,14.184433,12.864649,252.07199
2023-08-15 08:00:00+00:00,17.1065,76.3225,15.506014,17.28,270.0
2023-08-15 09:00:00+00:00,18.9065,66.83184,17.36169,16.203999,271.273
2023-08-15 10:00:00+00:00,20.0565,62.221516,18.918135,14.044615,268.53122
2023-08-15 11:00:00+00:00,20.206501,62.25564,19.114056,13.441071,262.30405
2023-08-15 12:00:00+00:00,21.0565,60.053005,20.41919,10.8955765,262.40546
2023-08-15 13:00:00+00:00,21.6065,57.495827,21.356007,8.825508,258.23172
2023-08-15 14:00:00+00:00,22.1065,56.686,22.17193,8.311245,252.3498
2023-08-15 15:00:00+00:00,22.0565,56.859005,21.895021,7.8625183,254.05453
2023-08-15 16:00:00+00:00,22.1565,54.159683,21.827295,7.5170207,253.30067
2023-08-15 17:00:00+00:00,22.0065,53.414352,21.54585,7.6367526,261.87
2023-08-15 18:00:00+00:00,21.2565,57.78779,20.811443,8.654987,224.9999
2023-08-15 19:00:00+00:00,19.1065,70.22742,18.620703,11.165805,200.77234
2023-08-15 20:00:00+00:00,18.0565,75.73232,17.487562,12.10157,210.37904
2023-08-15 21:00:00+00:00,17.2565,80.95211,17.05503,10.195057,227.86247
2023-08-15 22:00:00+00:00,16.206501,87.377045,16.483227,7.289444,249.77505
2023-08-15 23:00:00+00:00,14.856501,93.43529,15.172079,6.28713,256.75946
2023-08-16 00:00:00+00:00,14.2565,93.101364,14.275564,6.763786,295.20108
2023-08-16 01:00:00+00:00,13.5065,92.75732,12.902348,9.19939,329.42084
2023-08-16 02:00:00+00:00,13.5565,90.949,12.964712,8.557102,345.3791
2023-08-16 03:00:00+00:00,13.0065,93.03613,12.284962,9.007196,2.2905633
2023-08-16 04:00:00+00:00,12.5565,94.56153,11.768417,9.028754,23.498587
2023-08-16 05:00:00+00:00,12.606501,95.18936,12.217426,6.6185193,22.380184
2023-08-16 06:00:00+00:00,14.2565,91.29421,13.980148,8.0899935,32.275623
2023-08-16 07:00:00+00:00,15.7565,85.647156,15.984026,5.8048253,29.744795
2023-08-16 08:00:00+00:00,17.6065,79.69785,18.081133,5.8048253,29.744795
2023-08-16 09:00:00+00:00,19.6065,73.10453,20.254581,6.12,28.072395
2023-08-16 10:00:00+00:00,21.3565,66.26169,22.630926,5.315336,28.30066
2023-08-16 11:00:00+00:00,22.3065,59.569557,23.432667,5.0142193,68.96242
2023-08-16 12:00:00+00:00,23.4065,51.372097,23.852055,7.7879906,56.3099
2023-08-16 13:00:00+00:00,23.8065,50.148884,23.946577,8.049845,63.435013
2023-08-16 14:00:00+00:00,24.206501,48.479813,24.212364,8.557102,67.75093
2023-08-16 15:00:00+00:00,24.6065,47.48757,24.28533,9.227524,69.44388
2023-08-16 16:00:00+00:00,24.206501,46.9144,23.11347,12.074766,79.69521
2023-08-16 17:00:00+00:00,23.1565,52.66778,21.727419,16.199999,90.0
2023-08-16 18:00:00+00:00,21.4065,59.356136,20.04605,16.203999,91.273
2023-08-16 19:00:00+00:00,19.3065,65.18611,18.239708,12.9249525,77.125
2023-08-16 20:00:00+00:00,17.706501,71.81981,16.566175,13.32,71.075264
2023-08-16 21:00:00+00:00,16.6565,79.305145,15.844414,12.224107,76.37299
2023-08-16 22:00:00+00:00,15.606501,88.17824,15.357426,9.793058,72.89719
2023-08-16 23:00:00+00:00,15.106501,91.94434,14.976921,9.339208,62.447273
2023-08-17 00:00:00+00:00,14.856501,94.962906,14.620302,10.685391,57.380775
2023-08-17 01:00:00+00:00,14.9565,95.58342,14.729635,11.119281,60.94549
2023-08-17 02:00:00+00:00,15.0565,95.58678,14.726892,12.074766,63.435013
2023-08-17 03:00:00+00:00,15.2065,95.28357,14.8431015,12.55879,62.70051
2023-08-17 04:00:00+00:00,15.4065,95.59847,15.065189,13.0447235,62.02062
2023-08-17 05:00:00+00:00,15.5565,95.91175,15.213816,13.570615,68.19853
2023-08-17 06:00:00+00:00,16.456501,93.21404,15.84116,16.62249,72.34979
2023-08-17 07:00:00+00:00,18.206501,83.72426,16.67234,23.051247,88.21013
2023-08-17 08:00:00+00:00,19.5065,77.69192,18.537392,19.44,90.0
2023-08-17 09:00:00+00:00,20.456501,74.19776,19.767267,18.057508,85.42616
2023-08-17 10:00:00+00:00,21.3065,68.416855,20.064993,20.633371,83.99109
2023-08-17 11:00:00+00:00,22.1565,61.493217,21.00459,20.957443,85.07298
2023-08-17 12:00:00+00:00,22.456501,59.604965,21.482206,21.2522,88.058556
2023-08-17 13:00:00+00:00,22.956501,57.637527,22.154318,20.598795,84.98698
2023-08-17 14:00:00+00:00,22.8065,56.490326,21.638475,21.03152,83.11838
2023-08-17 15:00:00+00:00,22.5565,56.245087,20.935074,21.434364,82.27827
2023-08-17 16:00:00+00:00,21.5065,57.659767,18.971344,23.444265,86.47862
2023-08-17 17:00:00+00:00,20.2565,62.267014,17.770725,23.110207,85.53293
2023-08-17 18:00:00+00:00,19.1565,69.32866,17.023111,22.104116,83.453804
2023-08-17 19:00:00+00:00,18.1065,75.740425,16.364643,20.265795,77.692
2023-08-17 20:00:00+00:00,17.0565,82.78399,15.718981,18.35647,78.6901
2023-08-17 21:00:00+00:00,16.5065,86.28103,15.08073,19.211996,77.00539
2023-08-17 22:00:00+00:00,16.206501,89.08974,15.274742,16.327497,75.96373
2023-08-17 23:00:00+00:00,16.5565,89.4052,15.880205,15.596767,71.14675
2023-08-18 00:00:00+00:00,16.0565,91.40971,15.189915,16.516901,69.59004
2023-08-18 01:00:00+00:00,16.5565,91.73561,16.230268,14.24163,69.27436
2023-08-18 02:00:00+00:00,17.0065,90.885735,16.525734,16.09969,63.435013
2023-08-18 03:00:00+00:00,17.1065,91.18382,16.379412,18.193361,62.927998
2023-08-18 04:00:00+00:00,17.1565,92.36054,16.737059,16.766108,75.068535
2023-08-18 05:00:00+00:00,17.3065,93.25686,17.269691,14.973576,80.31129
2023-08-18 06:00:00+00:00,17.7565,90.93578,17.348902,17.654688,87.66274
2023-08-18 07:00:00+00:00,18.6065,85.390274,17.869282,19.493261,94.23632
2023-08-18 08:00:00+00:00,19.4065,80.459526,18.325216,21.434364,97.72173
2023-08-18 09:00:00+00:00,19.4065,79.69207,18.600607,19.13426,101.94416
2023-08-18 10:00:00+00:00,18.9065,85.96642,18.437805,18.775301,94.39862
2023-08-18 11:00:00+00:00,19.9065,83.123825,19.349195,20.674158,82.99883
2023-08-18 12:00:00+00:00,19.5565,82.29407,18.748753,22.33161,88.15243
2023-08-18 13:00:00+00:00,22.6565,69.121284,22.739273,20.898611,100.92277
2023-08-18 14:00:00+00:00,24.1065,61.93618,24.042717,17.654686,106.58742
2023-08-18 15:00:00+00:00,24.7565,59.193794,23.814163,21.288757,108.74143
2023-08-18 16:00:00+00:00,24.456501,62.21212,23.819445,20.617662,102.09474
2023-08-18 17:00:00+00:00,22.706501,73.18021,22.997974,16.919998,90.0
2023-08-18 18:00:00+00:00,21.206501,83.53717,21.784883,16.965895,72.718414
2023-08-18 19:00:00+00:00,20.6565,86.13935,21.105568,17.698677,85.33323
2023-08-18 20:00:00+00:00,20.0565,89.39029,20.77467,15.856356,92.60251
2023-08-18 21:00:00+00:00,20.0565,89.11028,21.217772,12.661564,104.82652
2023-08-18 22:00:00+00:00,20.8565,92.278595,22.66819,12.57426,156.3706
2023-08-18 23:00:00+00:00,21.0065,92.28708,22.565516,14.81259,154.05775
2023-08-19 00:00:00+00:00,20.1565,93.10667,21.381664,14.77755,145.92276
2023-08-19 01:00:00+00:00,20.6065,91.69184,21.54792,17.377226,166.82744
2023-08-19 02:00:00+00:00,20.6565,89.15714,21.13354,19.255793,200.80687
2023-08-19 03:00:00+00:00,19.9065,87.98496,19.793568,20.316889,209.74478
2023-08-19 04:00:00+00:00,18.4065,90.97881,18.018084,19.376562,215.16652
2023-08-19 05:00:00+00:00,17.2565,92.95747,16.747173,17.935081,218.48022
2023-08-19 06:00:00+00:00,17.4065,90.33334,16.64091,18.864824,221.90585
2023-08-19 07:00:00+00:00,18.3565,84.549446,17.414326,19.8,216.86998
2023-08-19 08:00:00+00:00,19.456501,77.93373,17.38737,26.983196,224.9999
2023-08-19 09:00:00+00:00,20.6565,71.43386,18.766905,25.212852,226.73567
2023-08-19 10:00:00+00:00,21.9065,64.4842,19.969984,25.233404,227.89134
2023-08-19 11:00:00+00:00,22.706501,58.139515,20.240606,27.295977,228.74309
2023-08-19 12:00:00+00:00,22.956501,57.637527,21.148476,23.740902,220.69543
2023-08-19 13:00:00+00:00,23.3065,55.884846,21.466581,25.212852,223.26433
2023-08-19 14:00:00+00:00,23.0065,55.629112,20.395462,25.96496,224.9999
2023-08-19 15:00:00+00:00,22.7565,56.66181,19.89917,27.776047,222.37354
2023-08-19 16:00:00+00:00,21.8065,63.43156,19.633549,25.199997,216.86998
2023-08-19 17:00:00+00:00,21.5065,63.982784,19.262932,25.305208,219.80553
2023-08-19 18:00:00+00:00,20.4065,66.49247,18.603527,21.166653,221.55252
2023-08-19 19:00:00+00:00,18.956501,73.22671,17.661541,17.935081,218.48022
2023-08-19 20:00:00+00:00,17.706501,78.68531,16.688799,15.7908325,223.1524
2023-08-19 21:00:00+00:00,16.9065,82.23058,16.039799,14.512064,223.99501
2023-08-19 22:00:00+00:00,16.2565,85.42081,15.558144,13.237038,224.9999
2023-08-19 23:00:00+00:00,15.5565,89.90904,14.930819,12.984975,223.87679
2023-08-20 00:00:00+00:00,15.2065,93.75551,15.021954,10.703569,222.27362
2023-08-20 01:00:00+00:00,14.9565,94.96671,14.770706,10.587918,215.3113
2023-08-20 02:00:00+00:00,14.856501,96.20077,14.684998,10.739832,219.55963
2023-08-20 03:00:00+00:00,14.9065,97.4538,14.786125,11.019764,218.36752
2023-08-20 04:00:00+00:00,15.3065,98.09081,15.3937435,10.883676,214.21576
2023-08-20 05:00:00+00:00,15.8065,96.22811,15.835314,11.808878,217.56866
2023-08-20 06:00:00+00:00,16.3565,92.91017,15.990906,14.512064,223.99501
2023-08-20 07:00:00+00:00,17.3065,87.1964,16.734798,15.7908325,226.8476
2023-08-20 08:00:00+00:00,18.9065,77.10316,18.117414,16.363178,230.35587
2023-08-20 09:00:00+00:00,20.0565,69.9551,19.289143,15.1884165,238.57048
2023-08-20 10:00:00+00:00,21.1565,64.52991,20.098206,16.676977,237.3391
2023-08-20 11:00:00+00:00,22.0065,59.88617,20.902082,17.873556,235.66972
2023-08-20 12:00:00+00:00,22.206501,59.160805,22.18619,12.819235,231.84273
2023-08-20 13:00:00+00:00,23.1065,54.756714,22.92861,13.104198,232.81522
2023-08-20 14:00:00+00:00,23.8065,51.309155,22.77529,15.778516,235.22209
2023-08-20 15:00:00+00:00,24.0065,48.904804,22.21542,17.873556,235.66972
2023-08-20 16:00:00+00:00,22.9065,53.99707,21.108124,19.083395,234.21094
2023-08-20 17:00:00+00:00,22.0065,59.113186,20.877434,15.807239,239.9315
2023-08-20 18:00:00+00:00,21.2565,63.515186,20.556122,13.849477,242.10283
2023-08-20 19:00:00+00:00,19.8065,70.81758,19.817398,9.726664,231.009
2023-08-20 20:00:00+00:00,18.3065,78.518616,18.379301,9.686609,221.98714
2023-08-20 21:00:00+00:00,17.3065,84.980446,17.288902,10.948973,223.66785
2023-08-20 22:00:00+00:00,16.456501,91.729485,16.607841,10.703569,227.72638
2023-08-20 23:00:00+00:00,15.9065,94.393745,16.109818,10.086427,235.17543
2023-08-21 00:00:00+00:00,15.4565,95.29248,15.575932,9.885262,236.88864
2023-08-21 01:00:00+00:00,14.9065,96.20223,15.015425,8.942214,229.89915
2023-08-21 02:00:00+00:00,14.4565,96.81529,14.518177,8.39657,239.0363
2023-08-21 03:00:00+00:00,14.0565,97.754295,14.079704,8.049845,243.43501
2023-08-21 04:00:00+00:00,13.6565,98.70727,13.658365,7.5942082,238.57048
2023-08-21 05:00:00+00:00,13.3065,99.026405,13.229809,7.42159,230.90614
2023-08-21 06:00:00+00:00,14.1565,98.39259,13.858593,10.739832,230.44037
2023-08-21 07:00:00+00:00,14.7565,97.136284,14.50934,11.384198,235.30478
2023-08-21 08:00:00+00:00,16.4065,89.10568,16.165825,12.096214,233.47105
2023-08-21 09:00:00+00:00,18.5565,77.79892,18.156427,13.18308,235.0079
2023-08-21 10:00:00+00:00,21.0565,63.060104,20.008652,15.496736,239.26459
2023-08-21 11:00:00+00:00,21.956501,61.24879,20.92095,17.414474,240.2552
2023-08-21 12:00:00+00:00,23.1565,49.976295,21.656845,14.904173,232.85323
2023-08-21 13:00:00+00:00,24.7565,43.06112,23.212423,17.906157,239.82657
2023-08-21 14:00:00+00:00,24.3065,44.82526,21.835703,20.68356,238.52321
2023-08-21 15:00:00+00:00,23.206501,53.19925,21.441433,18.971008,236.61147
2023-08-21 16:00:00+00:00,22.4065,57.1308,21.143423,16.363178,230.35587
2023-08-21 17:00:00+00:00,22.206501,57.83018,20.935476,16.418526,232.12495
2023-08-21 18:00:00+00:00,20.8565,64.67418,20.023737,14.512064,226.00499
2023-08-21 19:00:00+00:00,19.4065,70.51319,18.844454,12.538134,219.17365
2023-08-21 20:00:00+00:00,17.9065,78.206184,17.156624,14.20062,210.46547
2023-08-21 21:00:00+00:00,16.8565,84.3845,16.150146,14.277983,213.6901
2023-08-21 22:00:00+00:00,16.0565,88.79001,15.489424,13.324863,218.41809
2023-08-21 23:00:00+00:00,15.4065,92.26061,15.050543,11.753876,229.9698
2023-08-22 00:00:00+00:00,14.9065,94.04597,14.511747,11.525623,231.34016
2023-08-22 01:00:00+00:00,14.6565,94.64756,14.031364,12.738099,222.70937
2023-08-22 02:00:00+00:00,14.5065,95.56831,13.785925,13.392774,233.74606
2023-08-22 03:00:00+00:00,14.6565,96.50715,14.074186,13.18308,235.0079
2023-08-22 04:00:00+00:00,15.356501,94.06608,14.715313,14.336861,241.50446
2023-08-22 05:00:00+00:00,15.8065,92.88103,15.455799,12.979984,236.3099
2023-08-22 06:00:00+00:00,16.706501,89.41679,16.013569,16.09969,243.43501
2023-08-22 07:00:00+00:00,17.706501,84.20705,16.73779,18.11841,249.04414
2023-08-22 08:00:00+00:00,18.8565,77.84397,18.15011,16.055353,250.34608
2023-08-22 09:00:00+00:00,20.1065,70.64561,18.985895,18.11841,249.04414
2023-08-22 10:00:00+00:00,21.1065,65.57102,19.843277,18.58451,248.40463
2023-08-22 11:00:00+00:00,22.0565,60.287666,20.744427,17.917007,247.5572
2023-08-22 12:00:00+00:00,22.7565,58.15159,22.226679,17.114204,247.75093
2023-08-22 13:00:00+00:00,23.6065,54.882725,22.637518,17.114204,247.75093
2023-08-22 14:00:00+00:00,24.206501,51.749237,23.378883,17.193533,250.42677
2023-08-22 15:00:00+00:00,24.3565,49.967587,23.15382,17.114204,255.37909
2023-08-22 16:00:00+00:00,24.3565,48.520096,22.806469,16.676977,256.2637
2023-08-22 17:00:00+00:00,24.0565,49.23962,22.418974,17.163355,260.34018
2023-08-22 18:00:00+00:00,22.456501,57.329197,21.738668,12.864649,287.928
2023-08-22 19:00:00+00:00,20.206501,65.166824,19.821194,10.233123,309.28937
2023-08-22 20:00:00+00:00,18.3565,73.59836,18.518608,6.725354,285.52417
2023-08-22 21:00:00+00:00,17.0565,80.663155,17.335896,6.28713,256.75946
2023-08-22 22:00:00+00:00,16.5565,83.26287,16.656717,7.5170207,253.30067
2023-08-22 23:00:00+00:00,15.9065,86.78405,16.083796,6.9899354,258.11136
2023-08-23 00:00:00+00:00,15.356501,89.89418,15.550312,6.87779,263.9911
2023-08-23 01:00:00+00:00,14.6565,93.42544,14.808353,6.924738,261.02747
2023-08-23 02:00:00+00:00,14.0065,95.55142,14.274424,5.4119864,266.186
2023-08-23 03:00:00+00:00,13.606501,97.1109,13.822828,5.4119864,266.186
2023-08-23 04:00:00+00:00,13.1565,98.05894,13.375616,4.6938252,265.60138
2023-08-23 05:00:00+00:00,12.4565,99.345695,12.379044,5.5887027,255.06853
2023-08-23 06:00:00+00:00,13.856501,97.4332,14.059526,6.2145634,259.9921
2023-08-23 07:00:00+00:00,15.6565,89.91647,16.484926,3.2599385,263.6599
2023-08-23 08:00:00+00:00,17.5065,82.30505,18.39629,3.96,270.0
2023-08-23 09:00:00+00:00,19.206501,73.50791,20.163681,3.2399998,270.0
2023-08-23 10:00:00+00:00,20.456501,66.50288,20.851982,6.2145634,280.0079
2023-08-23 11:00:00+00:00,21.206501,60.679077,21.509203,5.154415,245.22488
2023-08-23 12:00:00+00:00,23.0065,47.838776,22.938198,3.319036,220.60121
2023-08-23 13:00:00+00:00,24.1065,44.034615,24.895435,4.6938257,212.47118
2023-08-23 14:00:00+00:00,24.7565,42.77693,25.321974,4.0249224,206.56499
2023-08-23 15:00:00+00:00,25.3065,43.356453,25.43355,5.00128,210.25635
2023-08-23 16:00:00+00:00,25.456501,45.586838,25.5741,5.3517847,227.72638
2023-08-23 17:00:00+00:00,25.1065,47.934147,25.663065,3.396233,237.99466
2023-08-23 18:00:00+00:00,24.0065,60.353374,25.745304,1.8,306.86996
2023-08-23 19:00:00+00:00,21.706501,69.60001,22.811167,6.297428,329.03632
2023-08-23 20:00:00+00:00,22.1065,63.089993,23.525537,1.08,90.0
2023-08-23 21:00:00+00:00,19.4065,79.69207,20.474146,6.28713,166.75948
2023-08-23 22:00:00+00:00,19.1565,82.77108,20.174559,7.5942073,174.55975
2023-08-23 23:00:00+00:00,18.1065,88.955826,19.380873,6.12,151.92761
2023-08-24 00:00:00+00:00,18.3565,82.1457,19.656118,3.219938,63.435013
2023-08-24 01:00:00+00:00,17.956501,83.96488,19.354406,2.4149535,63.435013
2023-08-24 02:00:00+00:00,16.9065,87.15947,18.062521,2.9024127,82.875084
2023-08-24 03:00:00+00:00,15.9065,91.69575,16.812832,4.1046314,52.124958
2023-08-24 04:00:00+00:00,15.4565,93.16317,16.289091,4.1046314,37.875053
2023-08-24 05:00:00+00:00,15.856501,90.808205,16.535873,5.154415,335.22488
2023-08-24 06:00:00+00:00,16.5065,88.25538,17.297142,4.8965297,323.97253
2023-08-24 07:00:00+00:00,17.6065,84.19588,18.573881,4.5820518,135.0001
2023-08-24 08:00:00+00:00,19.2565,75.19624,20.269281,3.8773184,158.19853
2023-08-24 09:00:00+00:00,20.0565,72.24808,20.836239,5.8603754,227.4896
2023-08-24 10:00:00+00:00,19.5565,75.00405,19.95934,8.707237,240.2552
2023-08-24 11:00:00+00:00,19.456501,74.027374,20.174227,5.771239,266.42374
2023-08-24 12:00:00+00:00,23.706501,58.567898,23.808273,12.313893,254.74483
2023-08-24 13:00:00+00:00,24.6565,53.917023,24.778967,12.641076,250.0168
2023-08-24 14:00:00+00:00,24.9065,54.50368,24.861418,12.015589,261.38443
2023-08-24 15:00:00+00:00,25.1565,54.391727,25.169455,12.144331,258.0239
2023-08-24 16:00:00+00:00,24.9065,55.742092,25.108057,11.252519,262.6477
2023-08-24 17:00:00+00:00,24.4065,56.519257,24.46187,11.592895,244.23071
2023-08-24 18:00:00+00:00,22.6065,66.098175,23.082733,10.739832,219.55963
2023-08-24 19:00:00+00:00,20.8565,77.893845,21.710226,10.703569,199.65392
2023-08-24 20:00:00+00:00,19.8065,83.90597,20.940866,9.220499,218.65984
2023-08-24 21:00:00+00:00,19.3065,84.65263,20.009735,11.165805,249.22766
2023-08-24 22:00:00+00:00,18.456501,79.81612,18.046907,14.021525,330.8026
2023-08-24 23:00:00+00:00,17.3065,82.01446,17.151556,10.495713,337.8336
2023-08-25 00:00:00+00:00,15.7065,91.68342,16.172407,6.618519,315.0001
2023-08-25 01:00:00+00:00,15.2565,89.01368,15.000494,9.360001,337.3801
2023-08-25 02:00:00+00:00,14.9065,81.44009,13.906445,10.587917,342.18103
2023-08-25 03:00:00+00:00,15.4065,66.092316,13.670614,10.30883,335.22488
2023-08-25 04:00:00+00:00,15.5065,59.727333,13.730623,8.0899935,327.72437
2023-08-25 05:00:00+00:00,15.4565,57.513435,13.432039,8.78872,325.0079
2023-08-25 06:00:00+00:00,15.106501,60.864246,12.910667,10.799999,323.13004
2023-08-25 07:00:00+00:00,15.0565,64.91034,12.983692,11.525623,321.34018
2023-08-25 08:00:00+00:00,15.856501,64.867325,14.352169,9.0,323.13
2023-08-25 09:00:00+00:00,16.956501,61.300686,15.703171,7.653705,318.81415
2023-08-25 10:00:00+00:00,18.0565,56.426086,16.859741,7.754637,291.80148
2023-08-25 11:00:00+00:00,18.8065,51.875504,17.26123,10.086427,267.95465
2023-08-25 12:00:00+00:00,19.706501,45.830574,18.207432,11.525623,271.78986
2023-08-25 13:00:00+00:00,20.1565,44.419132,17.942019,13.441071,262.30405
2023-08-25 14:00:00+00:00,19.706501,45.986927,16.796886,15.941944,263.51703
2023-08-25 15:00:00+00:00,19.5565,47.37414,16.984444,14.145756,255.2564
2023-08-25 16:00:00+00:00,19.8065,46.644802,17.042225,15.463246,245.22488
2023-08-25 17:00:00+00:00,18.8565,52.77175,15.896002,18.514643,243.43501
2023-08-25 18:00:00+00:00,17.5065,60.612175,15.151539,15.876775,237.0306
2023-08-25 19:00:00+00:00,16.2565,69.44353,14.54064,13.18308,235.0079
2023-08-25 20:00:00+00:00,15.106501,75.4964,13.520643,12.599998,233.13002
2023-08-25 21:00:00+00:00,14.2065,81.34845,12.81958,11.753876,229.9698
2023-08-25 22:00:00+00:00,13.7065,85.71693,12.559454,10.739832,230.44037
2023-08-25 23:00:00+00:00,13.3065,89.74004,12.51943,8.913181,223.36346
2023-08-26 00:00:00+00:00,13.3065,89.74004,12.326939,10.233123,230.71062
2023-08-26 01:00:00+00:00,12.8065,93.02559,11.916611,9.726664,231.009
2023-08-26 02:00:00+00:00,12.5065,94.872116,11.68025,9.290511,234.46223
2023-08-26 03:00:00+00:00,12.1565,96.121445,11.224435,9.693296,238.67136
2023-08-26 04:00:00+00:00,11.856501,97.07166,10.994713,8.891343,238.24055
2023-08-26 05:00:00+00:00,11.4065,97.70779,10.525362,8.287822,235.6196
2023-08-26 06:00:00+00:00,11.9565,96.115486,10.84256,10.514218,231.95291
2023-08-26 07:00:00+00:00,13.6565,87.718544,12.332466,12.594856,239.03632
2023-08-26 08:00:00+00:00,15.4065,77.83052,13.906368,13.584932,237.99466
2023-08-26 09:00:00+00:00,16.8565,70.488655,14.90122,16.489416,233.88057
2023-08-26 10:00:00+00:00,18.0065,67.75154,16.239075,16.279802,234.90411
2023-08-26 11:00:00+00:00,19.2565,59.232117,17.663128,16.75064,241.78273
2023-08-26 12:00:00+00:00,19.3565,58.8646,17.325539,16.263872,242.30061
2023-08-26 13:00:00+00:00,19.0065,57.043915,16.785265,15.937878,251.56496
2023-08-26 14:00:00+00:00,18.7565,59.90351,16.79207,15.1884165,238.57048
2023-08-26 15:00:00+00:00,17.2565,67.82198,15.130026,17.238699,241.29414
2023-08-26 16:00:00+00:00,17.706501,66.58075,15.809935,15.978484,247.47939
2023-08-26 17:00:00+00:00,17.706501,62.92783,15.730667,14.759999,257.3196
2023-08-26 18:00:00+00:00,17.1065,64.063354,15.450491,11.966953,263.08887
2023-08-26 19:00:00+00:00,15.1565,73.52113,14.346426,6.5693827,260.53775
2023-08-26 20:00:00+00:00,13.9565,79.442924,13.094831,6.9247384,242.10283
2023-08-26 21:00:00+00:00,13.3065,83.14905,12.357012,7.628263,250.70985
2023-08-26 22:00:00+00:00,12.8065,85.62342,11.737117,8.350138,262.5687
2023-08-26 23:00:00+00:00,12.0065,89.04422,10.899436,8.209263,254.74483
2023-08-27 00:00:00+00:00,12.4065,90.87094,11.218729,10.182337,278.13
2023-08-27 01:00:00+00:00,11.9065,92.669334,10.77463,9.3876505,265.60138
2023-08-27 02:00:00+00:00,11.4065,93.26188,10.051972,10.105681,274.08554
2023-08-27 03:00:00+00:00,10.9065,93.236176,9.460732,9.746631,274.23633
2023-08-27 04:00:00+00:00,10.5565,93.53162,9.1879635,8.64,270.0
2023-08-27 05:00:00+00:00,10.3065,94.15019,8.827247,9.114471,260.9098
2023-08-27 06:00:00+00:00,10.8065,93.23102,9.073078,11.525623,255.52966
2023-08-27 07:00:00+00:00,12.2065,89.65589,10.7901745,10.931203,252.75845
2023-08-27 08:00:00+00:00,13.856501,84.88594,12.478344,12.324414,263.29025
2023-08-27 09:00:00+00:00,16.1065,73.93248,14.328762,15.273505,278.13
2023-08-27 10:00:00+00:00,17.4065,64.129974,14.7414665,19.48661,281.72507
2023-08-27 11:00:00+00:00,18.456501,57.674313,15.806923,19.416653,280.68484
2023-08-27 12:00:00+00:00,18.7565,57.172512,16.190496,18.59845,284.57425
2023-08-27 13:00:00+00:00,19.3565,58.08838,17.282963,17.581125,280.6196
2023-08-27 14:00:00+00:00,19.6065,57.382954,17.270252,19.64558,283.78162
2023-08-27 15:00:00+00:00,18.9065,57.978176,16.096518,20.275385,286.50443
2023-08-27 16:00:00+00:00,19.0065,56.47538,16.267357,19.191748,293.1986
2023-08-27 17:00:00+00:00,18.5065,55.598297,15.574501,19.161337,295.60214
2023-08-27 18:00:00+00:00,17.706501,57.488663,15.404488,14.372974,292.06796
2023-08-27 19:00:00+00:00,17.1065,59.909977,15.410065,10.315115,299.24872
2023-08-27 20:00:00+00:00,16.1565,64.71552,14.807758,8.4042845,279.86575
2023-08-27 21:00:00+00:00,15.1565,70.395744,13.377859,11.928989,275.19434
2023-08-27 22:00:00+00:00,14.0565,77.10689,12.422289,11.525623,284.47034
2023-08-27 23:00:00+00:00,13.3065,82.04743,12.016039,9.565437,289.79895
2023-08-28 00:00:00+00:00,13.2565,83.69889,12.48774,6.489992,289.44012
2023-08-28 01:00:00+00:00,13.106501,85.37029,12.382193,6.489992,289.44012
2023-08-28 02:00:00+00:00,12.6565,88.21306,11.843597,7.2,306.86996
2023-08-28 03:00:00+00:00,11.856501,92.35877,10.981598,7.42159,320.90613
2023-08-28 04:00:00+00:00,11.2565,93.878876,10.321724,7.127636,315.0001
2023-08-28 05:00:00+00:00,10.7065,95.11873,9.764047,6.489992,303.6901
2023-08-28 06:00:00+00:00,11.3065,94.194824,10.260527,8.089993,290.85452
2023-08-28 07:00:00+00:00,13.0565,86.22097,12.038689,8.707237,299.74478
2023-08-28 08:00:00+00:00,14.856501,80.36475,14.0095215,9.0,306.86996
2023-08-28 09:00:00+00:00,16.6565,68.60527,14.913277,13.779114,326.7251
2023-08-28 10:00:00+00:00,17.5065,63.303196,15.489201,14.84318,320.90613
2023-08-28 11:00:00+00:00,18.2565,59.18834,16.15179,14.84318,320.90613
2023-08-28 12:00:00+00:00,18.8065,59.51844,17.172619,12.819235,321.8427
2023-08-28 13:00:00+00:00,19.2565,58.063934,17.723398,12.229406,317.38596
2023-08-28 14:00:00+00:00,19.456501,57.345917,17.958435,11.988594,318.6523
2023-08-28 15:00:00+00:00,20.3065,52.446266,18.850441,10.587918,305.31128
2023-08-28 16:00:00+00:00,20.5065,49.10025,18.45925,13.089354,301.5042
2023-08-28 17:00:00+00:00,19.6065,48.855816,16.96824,15.484185,305.53775
2023-08-28 18:00:00+00:00,18.6065,54.147526,16.450565,13.276144,310.60123
2023-08-28 19:00:00+00:00,17.0565,62.78009,15.706835,9.178235,311.82007
2023-08-28 20:00:00+00:00,15.5065,71.41055,14.690416,6.4096174,308.15726
2023-08-28 21:00:00+00:00,14.1565,79.20748,13.475054,5.991594,302.7352
2023-08-28 22:00:00+00:00,13.1565,83.966545,12.269487,7.2,306.86996
2023-08-28 23:00:00+00:00,12.8065,84.77105,12.037287,5.991594,302.7352
2023-08-29 00:00:00+00:00,11.2065,90.181694,10.043524,7.42159,292.83368
2023-08-29 01:00:00+00:00,10.9565,91.689644,9.97719,6.162207,276.70975
2023-08-29 02:00:00+00:00,10.606501,93.53407,9.663722,5.815978,248.19853
2023-08-29 03:00:00+00:00,10.9565,94.17926,10.390462,4.1046314,232.12495
2023-08-29 04:00:00+00:00,11.1565,94.503044,10.400109,5.904439,232.43134
2023-08-29 05:00:00+00:00,11.0065,95.44803,10.220222,6.1094027,224.9999
2023-08-29 06:00:00+00:00,11.7065,91.73655,10.660507,8.0899935,237.72438
2023-08-29 07:00:00+00:00,13.1565,87.09393,12.473993,6.9247384,242.10283
2023-08-29 08:00:00+00:00,15.2565,78.843315,14.640741,7.628263,250.70985
2023-08-29 09:00:00+00:00,17.0065,68.67562,15.84992,10.483357,254.05453
2023-08-29 10:00:00+00:00,18.2565,59.98398,16.603554,12.371645,261.6342
2023-08-29 11:00:00+00:00,19.206501,53.220078,17.340725,12.6462,265.10098
2023-08-29 12:00:00+00:00,19.2565,49.762016,17.18586,11.503113,249.86362
2023-08-29 13:00:00+00:00,19.6565,48.375797,17.505041,11.966953,248.83867
2023-08-29 14:00:00+00:00,20.4065,46.652683,18.195675,12.641076,250.0168
2023-08-29 15:00:00+00:00,20.3065,47.580482,17.66718,15.941944,244.59233
2023-08-29 16:00:00+00:00,19.5065,50.506935,17.140285,14.345898,252.47433
2023-08-29 17:00:00+00:00,18.9065,55.69977,16.34475,17.388409,242.90453
2023-08-29 18:00:00+00:00,17.7565,64.63521,15.566811,17.148247,230.9645
2023-08-29 19:00:00+00:00,17.1565,68.02656,15.335604,15.03835,222.08908
2023-08-29 20:00:00+00:00,16.5565,72.56,15.159931,12.979984,213.6901
2023-08-29 21:00:00+00:00,15.5565,82.06132,14.682629,11.384198,214.69522
2023-08-29 22:00:00+00:00,14.4565,91.30715,14.1568165,8.714677,231.7098
2023-08-29 23:00:00+00:00,14.5065,92.81151,14.239309,9.19939,239.42085
2023-08-30 00:00:00+00:00,15.0065,84.45432,13.806911,13.392774,323.74606
2023-08-30 01:00:00+00:00,14.9565,70.12129,12.894413,13.392774,323.74606
2023-08-30 02:00:00+00:00,14.606501,69.11529,12.48951,12.738099,317.29062
2023-08-30 03:00:00+00:00,14.2565,70.22095,12.222832,11.983188,302.7352
2023-08-30 04:00:00+00:00,12.856501,77.69926,11.031498,10.829959,285.4222
2023-08-30 05:00:00+00:00,10.9565,91.076385,9.324554,10.446206,271.97488
2023-08-30 06:00:00+00:00,11.2565,91.09651,9.391609,12.620554,266.72958
2023-08-30 07:00:00+00:00,12.9065,83.37895,11.130148,12.599999,270.0
2023-08-30 08:00:00+00:00,14.856501,72.97857,12.412207,16.981165,291.1248
2023-08-30 09:00:00+00:00,16.0065,67.11403,13.530344,16.904673,296.56497
2023-08-30 10:00:00+00:00,17.1065,59.708694,14.41098,17.072504,294.94388
2023-08-30 11:00:00+00:00,18.0065,55.284245,15.261448,18.720001,292.6199
2023-08-30 12:00:00+00:00,18.3565,55.747307,16.099514,16.418526,285.25516
2023-08-30 13:00:00+00:00,19.0565,50.04594,16.63336,17.902534,285.1541
2023-08-30 14:00:00+00:00,19.3565,46.997917,16.155243,19.64558,283.78162
2023-08-30 15:00:00+00:00,19.6565,45.041813,16.259361,18.692286,285.6423
2023-08-30 16:00:00+00:00,19.5565,45.322372,15.824102,20.991426,292.16638
2023-08-30 17:00:00+00:00,18.6565,48.76228,15.205406,19.486609,295.14474
2023-08-30 18:00:00+00:00,17.8565,53.40717,15.328121,14.20062,300.46545
2023-08-30 19:00:00+00:00,16.206501,60.712616,14.777424,7.289445,302.90524
2023-08-30 20:00:00+00:00,14.5065,70.50662,13.454769,5.8048253,277.1249
2023-08-30 21:00:00+00:00,14.0565,73.820175,13.013674,6.2145634,280.0079
2023-08-30 22:00:00+00:00,12.9065,79.558586,11.872995,6.151683,290.55612
2023-08-30 23:00:00+00:00,12.0565,84.121315,11.117093,5.506941,281.3099
2023-08-31 00:00:00+00:00,11.856501,85.237,10.905184,5.5887027,284.93146
2023-08-31 01:00:00+00:00,10.7065,90.75374,9.616632,6.162207,263.29025
2023-08-31 02:00:00+00:00,10.5565,92.90553,9.580241,5.7599998,270.0
2023-08-31 03:00:00+00:00,10.0565,94.77485,8.810045,7.2359104,275.7105
2023-08-31 04:00:00+00:00,10.106501,95.096115,9.127661,5.5887027,255.06853
2023-08-31 05:00:00+00:00,10.856501,93.86014,10.394667,3.096837,234.46223
2023-08-31 06:00:00+00:00,11.2065,92.63036,10.806122,2.968636,194.03627
2023-08-31 07:00:00+00:00,12.3065,86.723236,11.944437,2.9024127,172.87508
2023-08-31 08:00:00+00:00,13.606501,79.65843,13.195059,3.2399998,180.0
2023-08-31 09:00:00+00:00,14.7065,73.68742,14.048126,4.73506,188.74608
2023-08-31 10:00:00+00:00,14.8065,77.224335,14.285692,5.3999996,180.0
2023-08-31 11:00:00+00:00,15.7065,77.36413,15.356277,6.130579,176.6336
2023-08-31 12:00:00+00:00,16.6065,71.85336,15.643414,9.793058,197.10281
2023-08-31 13:00:00+00:00,18.1065,61.5688,16.536892,12.074766,169.6952
2023-08-31 14:00:00+00:00,17.5565,63.95009,15.635401,14.587776,164.24876
2023-08-31 15:00:00+00:00,16.8065,68.40801,14.986443,14.512064,172.87508
2023-08-31 16:00:00+00:00,16.8565,72.37529,15.354805,14.241629,163.85559
2023-08-31 17:00:00+00:00,16.4065,76.46115,15.2308235,12.88981,144.09018
2023-08-31 18:00:00+00:00,16.0065,80.25816,15.1352005,11.592894,143.84172
2023-08-31 19:00:00+00:00,15.6565,84.80277,15.47879,7.9932966,125.837746
2023-08-31 20:00:00+00:00,15.606501,86.47325,15.56815,7.628263,109.290146
2023-08-31 21:00:00+00:00,14.9565,91.3394,15.154108,6.489992,123.6901
2023-08-31 22:00:00+00:00,14.4565,95.25667,14.939474,4.8965297,126.027466
2023-08-31 23:00:00+00:00,13.6565,97.747375,13.867201,5.8048253,119.74479
